sku,title,description,price,stock,image_link,brand,ean,delivery_time,product_status,delivery_method,eu_representative,color,image_1,image_2,image_3,image_4,image_5,manual,manufacturer_warranty,product_height,product_length,product_width,product_weight,package_contents,package_height,package_length,package_width,package_weight
HLB-274,Kraan opbergrek - Gootsteenbenodigdheden Huishoudelijke afvoermand - Keukenkraan opbergrek met lekbak - Aluminium spons afvoerrek met haak - Zwart,"Hoogwaardig materiaal: Deze opbergbox voor de keukengootsteen is gemaakt van verdikt aluminium, dat waterbestendig en roestbestendig, stevig en duurzaam is, een hoog draagvermogen heeft, niet snel deukt of breekt, effectief vlekken voorkomt en de uitstraling schoon en nieuw houdt.

Snel droogsysteem: Het unieke ontwerp met stripgaten zorgt voor een goede luchtcirculatie, waardoor keukengerei snel droogt en bacteriegroei wordt voorkomen. Bovendien is de box voorzien van een lekbak om overtollig water op te vangen, zodat er geen water op het aanrecht druppelt en vervuiling ontstaat, waardoor het aanrecht altijd schoon en netjes blijft.

Multifunctioneel ontwerp: Deze multifunctionele opbergbox is veelzijdig. Hij kan niet alleen worden gebruikt voor het opbergen van sponzen, borstels, zeepschillers en staalwol, maar wordt ook geleverd met extra haken voor handdoeken of borstels, wat ruimte bespaart en de keuken netter maakt.

Eenvoudig te installeren en te verwijderen: Hij is eenvoudig te installeren zonder te boren of lijm te gebruiken.

Breed inzetbaar: Naast gebruik in de keuken is dit sponsrek ook geschikt voor diverse gelegenheden, zoals badkamers, slaapkamers en zelfs garages. Het biedt opbergruimte voor schoonmaakspullen en andere benodigdheden op een meer georganiseerde en mooie manier.",19.63,300,https://stock-cos.mabangerp.com/365615/O1CN01SUqxA61Dwk8y3Nr86_%21%212210843980281-0-cib_1748486162.jpg,Merkloos,6.11792E+12,1-8 working days,nieuw,,,Zwart,https://stock-cos.mabangerp.com/365615/O1CN01SUqxA61Dwk8y3Nr86_%21%2122108439802d1-0-cib_1748486162.jpg,https://stock-cos.mabangerp.com/365615/O1CN01fIodip1hnWmPSsZwq_%21%212218263134362-0-cib_1748486162.jpg,https://stock-cos.mabangerp.com/365615/O1CN01fIodip1hnWmPSsZwq_%21%212218263134322-0-cib_1748486162.jpg,https://stock-cos.mabangerp.com/365615/O1CN01fIodip1hnWmPSsZwq_%21%2122a8263134322-0-cib_1748486161.jpg,,geen,geen,26,13.3,15,400,geen,30,17,18,450
HLB-276,Set van 2 metalen kandelaars - Bruiloftskaarsenhouders - 50 mm kandelaardecoraties - Pilaarkaarsenhouders - Goud,"Inhoud: 2 gouden kandelaars. Perfect als housewarming of huwelijkscadeau. Geweldige decoratie voor bruiloften, verjaardagen, diners bij kaarslicht, restaurants, woonkamers, ontvangstruimtes, studeerkamers en bars.

Toepassingsgebied: De diameter van de kandelaar is 5 cm. Deze kandelaar is geschikt voor stompkaarsen en vlamloze led-kaarsen met een diameter van 50 mm. Theelichten werken ook uitstekend. Gemaakt van metaal, roestbestendig, lichtgewicht en gebruiksvriendelijk. Gebruik na het reinigen en drogen een zachte doek.

Veelzijdig: Kies de juiste kaars uit onze stompkandelaars en vlamloze kaarsen van verschillende hoogtes om uw tafelbladen en decoraties elegant te verlichten en een elegante sfeer te cre?ren voor familie en vrienden.

Toepassingsgebied: Ideaal voor dagelijks gebruik, bruiloften, evenementen, aromatherapie, spa, reiki, meditatie, verjaardagen, feestceremonies, luxe diners en diners bij kaarslicht, feestelijke diners en vintage bruidsdouches.

Geen montage nodig: Klanten kunnen het product eenvoudig gebruiken zonder lastige installatie, wat erg handig is.",20.46,300,https://stock-cos.mabangerp.com/365615/O1CN01B7IbwT2MUCEl57YJD_%21%212217078759830-0-cib_1748489738.jpg,Merkloos,6.11792E+12,1-8 working days,nieuw,,,Goud,https://stock-cos.mabangerp.com/365615/61HrftsPwdL_AC_SL1500__1748489738.jpg,https://stock-cos.mabangerp.com/365615/71aMfiJh1PL_AC_SL1500__1748489738.jpg,https://stock-cos.mabangerp.com/365615/O1CN01gr0gIm2MUCEiLnafu_%21%212217078759830-0-cib_1748489738.jpg,https://stock-cos.mabangerp.com/365615/O1CN01wxe0hO2MUCEiLpCTR_%21%212217078759830-0-cib_1748489738.jpg,,geen,geen,15,7.5,15,400,geen,18,11,18,450
HLB-277,"Set van 4 kunststof opbergmanden - bureau opbergdoos - cosmetica snacks diversen opbergdoos - 19 x 13,5 x 7,5 cm (wit)","Set van 4 kleine opbergmanden - We hebben hier een verpakking met 4 kleine witte opbergdozen. Afmetingen doos: 19 x 13,5 x 7,5 cm. Genoeg om aan al uw opbergbehoeften te voldoen.

Geschikt voor zowel thuis als op kantoor - Deze opbergmanden zijn stijlvol en veelzijdig, waardoor ze ideaal zijn voor multifunctionele opbergruimte thuis en op kantoor.

Handgreepontwerp - Elke rechthoekige kunststof opbergmand is voorzien van een praktische handgreep aan de zijkant, waardoor u de mand gemakkelijk in een kast, op een plank, enz. kunt plaatsen.

Hoogwaardig materiaal - Handig voor toekomstig gebruik.

Veelzijdig - Kleine kunststof opbergdozen zijn perfect voor thuis, in de woonkamer, badkamer, keuken, op de kaptafel en andere gelegenheden. De mand heeft een eenvoudig en vloeiend lijnenontwerp, waardoor u kunt genieten van pure kleuren.",20.29,300,https://stock-cos.mabangerp.com/365615/61Jj6uvZDkL_AC_SL1000_d_1748491149.jpg,Merkloos,6.11792E+12,1-8 working days,nieuw,,,Wit,https://stock-cos.mabangerp.com/365615/61Jj6uvZDkL_AC_SL1000__1748491149.jpg,https://stock-cos.mabangerp.com/365615/61DlELJOZxL_AC_SL1500_a_1748491148.jpg,https://stock-cos.mabangerp.com/365615/61DlELJOZxL_AC_SL1500__1748491148.jpg,https://stock-cos.mabangerp.com/365615/51WVceSiJcL_AC__1748491148.jpg,,geen,geen,21,14,7,450,geen,24,17,10,500
HLB-278,Drinkbeker van roestvrij staal - 300 ml metalen beker - drinkbeker met dubbele wand - goud,"Onbreekbaar: Gemaakt van roestvrij staal 304, geschikt voor levensmiddelen, is de mok gegarandeerd onbreekbaar. De mok is perfect voor wijn, koffie, melk, ijswater, enz. en is roestbestendig.

Prachtig design: Deze tumbler heeft een stijlvol design en is niet alleen om uit te drinken, maar ook een geweldige decoratie op tafel. De roestvrijstalen mok is zeer licht en je voelt geen belemmering bij het vasthouden.

Gemakkelijk schoon te maken: De mok is gemakkelijk schoon te maken na het drinken en kan in de vaatwasser.

Gezond, veilig en milieuvriendelijk: Onze bekers zijn milieuvriendelijk en volledig recyclebaar.",21.79,300,https://stock-cos.mabangerp.com/365615/O1CN01bnqCaE1D2PG1WVmda1262ijuji090_1748498734.jpg,Merkloos,6.11792E+12,1-8 working days,nieuw,,,Goud,https://stock-cos.mabangerp.com/365615/O1CN01bnqCaE1D2PG1WVmPn_%21%212211262090_1748498734.jpg,https://stock-cos.mabangerp.com/365615/O1CN01bnqCaE1D2PG1WVmda1262090_1748498734.jpg,https://stock-cos.mabangerp.com/365615/O1CN01bnqCaE1D2PG1WVmda12f2090_1748498733.jpg,https://stock-cos.mabangerp.com/365615/O1CN01bnqCaE1D2PG1WVmd2211262090_1748498733.jpg,,geen,geen,10,8.5,8.5,500,geen,13,12,12,550
HLB-279,Reisbekerset van 2 opvouwbare mokken - Opvouwbare koffiemokken - Opvouwbare siliconen mokken met deksel - Herbruikbare kampeermokken - Blauw + Roze (350 ml),"Deze opvouwbare koffiemok is een hoogwaardige reismok en is super ruimtebesparend. Hij past gemakkelijk in een tas of handtas. Deze herbruikbare koffiemok met deksel is geschikt voor autohouders, tassen en rugzakken.

Afmetingen van de opvouwbare siliconen beker: 8,7 cm in diameter en 14 cm hoog (opgevouwen). Opgevouwen is de beker 5,8 cm hoog. Dit is een kleine en lichtgewicht reismok.

Hittebestendige opvouwbare beker: De koffiemok voor buiten is gemaakt van food-grade siliconen en kan langdurig worden hergebruikt. Het deksel van de siliconen koffiemok is gemakkelijk te openen en te sluiten. Deze reismok is geschikt voor zowel warme als koude dranken.

Inhoud: 350 ml. Gewicht: 150 g. Het opvouwbare, kleine en lichtgewicht ontwerp kan worden gebruikt als beker voor tandenborstels/mondspoeling of als drinkbeker voor kampeertrips. Deze opvouwbare mok is geschikt voor wandelen, fietsen, kamperen en zelfs voor op kantoor, in het park of op het strand. Deze producten kunnen ook als cadeau worden gegeven aan familie en vrienden.",20.00,300,https://stock-cos.mabangerp.com/365615/O1CN01ChKRUy1qkcn2d_%21%213413325534-0-cib_1748501126.jpg,Merkloos,6.11792E+12,1-8 working days,nieuw,,,Roze+Blauw,https://stock-cos.mabangerp.com/365615/O1CN01A1Qeuv1qkcn0rVHxG_%21%213413325534-0-cib_1748501126.jpg,https://stock-cos.mabangerp.com/365615/O1CN01ChKRUy1qkcn22NO2d_%21%213413325534-0-cib_1748501126.jpg,https://stock-cos.mabangerp.com/365615/O1CN01ChKRUy1qkcn22NO2d_c%2134133d534cd0-cib_1748501126.jpg,https://stock-cos.mabangerp.com/365615/O1CN01ChKRUy1qkcn22NO2d_c%2134133d534-0-cib_1748501126.jpg,,geen,geen,17.5,11.5,9.5,350,geen,22,15,13,400
HLB-281,Mini-paraplu - Opvouwbare reisparaplu - Zakparaplu - 225 g regenbestendige zonwerende paraplu (beige),"6 Baleinen, Stevig en Duurzaam: Deze compacte, opvouwbare reisparaplu heeft 6 baleinen, een twee-in-ижижn ontwerp voor extra stevigheid, gecombineerd met een roestvrijstalen frame.

Waterdicht en 99% UV-bestendig: Deze grote, winddichte paraplu is gemaakt van zeer waterdicht materiaal en biedt uitstekende winddichte prestaties. De 90 cm brede paraplu kan door ижижn persoon worden gebruikt en blokkeert effectief 99% van de UV-straling, waardoor u de brandende zon gemakkelijk kunt weerstaan.

Perfect Ergonomisch Ontwerp: Deze stijlvolle reisparaplu is uitgerust met een antislip rubberen handgreep, die ergonomisch, gemakkelijk vast te houden en lichtgewicht is (ongeveer 0,225 kg).

Compact en Draagbaar: Deze compacte, opvouwbare paraplu is slechts 16 cm lang wanneer opgevouwen en past gemakkelijk in een schooltas, aktetas, rugzak of koffer. Geschikt voor werk, school, reizen, zakenreizen, enz.",18.51,300,https://stock-cos.mabangerp.com/365615/MsTmBXVURQa5jVeqRSPZM1k%252Bsl%252F3X4KBbR6m17WVWxhm_1748504682.jpg,Merkloos,6.11792E+12,1-8 working days,nieuw,,,Beige,https://stock-cos.mabangerp.com/365615/O1CN0170ia1F1Sk7NIfvhvQ_%21%212212350332284-0-cib_1748504682.jpg,https://stock-cos.mabangerp.com/365615/MsTmBXVURQa5jVeqRSPZM1kgdxl%25sbR6m17WVWxhm_1748504682.jpg,https://stock-cos.mabangerp.com/365615/MsTmBXVURQa5jVeqRSPZM1k%252Bdxl%25sbR6ms7WVWxhm_1748504682.jpg,https://stock-cos.mabangerp.com/365615/MsTmBXVURQa5jVeqRSPZM1k%252Bdxl%252F364KBbR6m17WVWxhm_1748504682.jpg,,geen,geen,16,3.5,3.5,300,geen,19,7,7,350
HLB-282,"2 notitieboeken-dagboeken-hardcover-notitieboeken, notitieblokken-A5, 244 pagina's, zwart","Specificaties:
Categorie: Notitieboek
Kleur: Zwart
Materiaal: Papier
Eigenschappen: A5-formaat, hard PU-leren oppervlak, comfortabele grip, perfect voor in de handtas, tas of broekzak. Elk notitieboek heeft 244 pagina's, is dubbelzijdig beschrijfbaar en heeft horizontale lijnen aan de binnenkant. Kan gebruikt worden als reisnotitieboek, agenda, notitieblok, notitieboek, enz., met elastische band voor eenvoudige sluiting.
Afmetingen: 21,2 б┴ 13,8 б┴ 3 cm
Inhoud: 2 notitieboeken.",16.19,300,https://stock-cos.mabangerp.com/365615/O1CN01L0FW441OHUFvJ0E3r_%21%214c680-0-cib_1748507011.jpg,Merkloos,6.11792E+12,1-8 working days,nieuw,,,Zwart,https://stock-cos.mabangerp.com/365615/O1CN01L0FW441OHUFvJ0E3r_%21%214009841680-0-cib_1748507011.jpg,https://stock-cos.mabangerp.com/365615/O1CN01lg4SFq1OHUFlRhLnT_%21%214009841680-_1748507011.jpg,https://stock-cos.mabangerp.com/365615/O1CN01qRJeHe1OHUFz3BwD7_%21%214009841680-0-cib_1748507011.jpg,https://stock-cos.mabangerp.com/365615/O1CN01Y34hUH1OHUFvBwJ1B_%21%214009841680-0-cib_1748507011.jpg,,geen,geen,21.2,13.8,6,250,geen,25,17,9,300
HLB-283,Houten theekopje - klein waterkopje - houten waterkopje - waterkopje met handvat - jujubehouten waterkopje,"Design: Deze mok geeft je het gevoel dat je in een feestmaal bent, elke keer dat je melk proeft. Geschikt voor handgemaakte vintage bruine kopjes, houtsnijwerkbekers of houten herenmokken.

Comfortabel formaat: Deze theekop is 9 cm hoog en 8 cm in diameter, ligt comfortabel in de hand en heeft een inhoud van ongeveer 300 ml, zodat je gemakkelijk kunt genieten van een kopje zachte thee.

Geschikt voor op reis en kamperen. Gemakkelijk vast te houden: De theekop heeft een ergonomische handgreep, die sterk en comfortabel aanvoelt, waardoor je hem gemakkelijk kunt vasthouden en kunt genieten van de geur van thee.

Design: Ervaar de charme van onze mok. Elke slok brengt je in de vreugde van het festival en voegt een vleugje kleur toe aan je dagelijkse leven.

Jujubehouten beker: Deze beker is gemaakt van hoogwaardig jujubehout, dat stevig en duurzaam is, met een royale uitstraling, geschikt voor dagelijks gebruik.",15.90,300,https://stock-cos.mabangerp.com/365615/O1CN01H7zvlR1P94hiUff8Z_%21%212218104281797-0-cib_1748573012.jpg,Merkloos,6.11792E+12,1-8 working days,nieuw,,,Bruin,https://stock-cos.mabangerp.com/365615/O1CN01H7zvlR1P94hiUff8Z_%21%212216104281797-0-cib_1748573012.jpg,https://stock-cos.mabangerp.com/365615/O1CN01H7zvlR1P94hiUff8Z_%21%212216104281797-d_1748573012.jpg,https://stock-cos.mabangerp.com/365615/O1CN01JXYZM81P94hgTbxVG_%21%212218104281797-0-cib_1748573012.jpg,https://stock-cos.mabangerp.com/365615/71woiH8RZjL_AC_SL1500__1748573012.jpg,,geen,geen,15,9,9,150,geen,18,12,12,200
HLB-284,Gatbeker-Rubberhouten beker met dubbele gaten-Koffiekop met handvat-Waterbeker met dubbele gaten,"Intiem ontwerp, ergonomisch en prettiger om vast te houden.

Natuurlijk en glad, met verschillende lijnen, kleuren en texturen. Sporen van tijd, natuurlijke herinneringen.
Handig om op te hangen, menselijker en gemakkelijker te verbinden met de originele fabriek.

De inhoud van een kopje is ongeveer 200 ml, wat ongeveer een derde is van de inhoud van een fles mineraalwater.

Rubberhout wordt geproduceerd op het Maleisische schiereiland. Het heeft een zachte en lichte textuur, een heldere textuur, een lichte kleur en een fijne structuur. Rubberhout is kosteneffectief, duurzaam en zuurbestendig en kan worden gebruikt als houten servies.",17.00,300,https://stock-cos.mabangerp.com/365615/17813672613_432645922_1748587918.jpg,Merkloos,6.11792E+12,1-8 working days,nieuw,,,Houtkleur,https://stock-cos.mabangerp.com/365615/17813672613_432645922d_1748587918.jpg,https://stock-cos.mabangerp.com/365615/17813672613_432645922ds_1748587918.jpg,https://stock-cos.mabangerp.com/365615/17813672613_432645922wdq_1748587919.jpg,https://stock-cos.mabangerp.com/365615/17813672613_432645922wd_1748587919.jpg,,geen,geen,15,8,8,230,geen,18,11,11,280
HLB-285,Gootsteenafdekking - RVS kraangatafdekking - 5 cm lekvrije kraangatplug - keukengatafdekking - zilver,"Afdekking voor de gootsteen: Deze afdekking voor de gootsteen bestaat uit 2 onderdelen en kan snel en eenvoudig in de keuken worden ge?nstalleerd. De blinde stop lost niet alleen lelijke gootsteengaten op, maar voorkomt ook dat water in de vloer sijpelt, waardoor de keuken netjes blijft.

Hoogwaardige materialen: De afdekking voor de gootsteenkraan is gemaakt van zinklegering en de schroeven zijn van roestvrij staal, wat duurzaam is en niet snel beschadigd raakt. De afdekking is voorzien van een rubberen afdichtring voor een betere afdichting en de blinde stop kan langdurig worden gebruikt.

Toepasbare afmetingen: De afdekking heeft een diameter van ongeveer 5 cm, een lengte van 7 cm en een schroefdraaddiameter van 0,6 cm. De afdekking is geschikt voor de meeste gootsteengaten en de vlakke afdekking is geschikt voor het afdekken of vervangen van oude of lekkende afdekkingen. De afdekking houdt de keuken netjes en voorkomt lekken.

Eenvoudig te installeren: De verlengde schroefdraad maakt het eenvoudig om de schroeven aan te draaien. Plaats de afdekking gewoon op het kraangat en draai de onderste schroef vast. Hij is eenvoudig te installeren zonder gereedschap, alleen een doek en een theedoek. U hoeft zich geen zorgen te maken dat de afdekking van het kraangat verloren gaat in de sproeier van de gootsteen.

Breed toepasbaar: Deze afdekking voor de gootsteenkraan is geschikt voor wastafels en badkuipen, keukens, lekvrije afdekkingen voor gootstenen, keukengootstenen, decoratieve afdekkingen voor badkamergootstenen, enz. De gootsteen heeft een goede afdichting om waterlekkage uit het kraangat te voorkomen, en het zilveren oppervlak past perfect bij uw kraan en badkuipoverloop, waardoor uw keuken eleganter en mooier wordt.",15.11,300,https://stock-cos.mabangerp.com/365615/lP7RxxT3dKuPoGvXgPsVo4DoKUXMOUpdXnxkBtmm3o_1748588677.jpg,Merkloos,6.11792E+12,1-8 working days,nieuw,,,Zilver,https://stock-cos.mabangerp.com/365615/713o4xrc8BL_AC_SL1500__1748588677.jpg,https://stock-cos.mabangerp.com/365615/71PhcqfcfSL_AC_SL1500__1748588677.jpg,https://stock-cos.mabangerp.com/365615/71iDFmDnFJL_AC_SL1500__1748588677.jpg,https://stock-cos.mabangerp.com/365615/71e8glF2pUL_AC_SL1500__1748588677.jpg,,geen,geen,7,5,5,200,geen,10,8,8,250
HLB-286,Superabsorberende keukenafvoermat - 40 x 30 cm afvoermat - antislip grijze absorptiemat - keukenafvoermat - zwart,"Effici?nt ontworpen, absorberende afdruipmat: Deze superabsorberende afdruipmat voor in de keuken, gemaakt van diatomee?naarde, is zeer absorberend en kan uitgelekt water en gemorste koffievlekken absorberen, of effectief koffievlekken, melkvlekken en andere donkere vlekken verbergen, waardoor uw aanrecht schoon en netjes blijft. De afdruipmat heeft een antislip rubberen onderkant, die stevig blijft liggen, zelfs op gladde aanrechtbladen.

Handig formaat: Onze afdruipmat is 40 x 30 cm groot en biedt voldoende oppervlak om diverse voorwerpen te drogen, zoals espressomachines, afdruiprekken, grote borden, glazen, potten en kleine potten. Hij is veelzijdig en kan op aanrechtbladen, tafelbladen of onder koffiezetapparaten worden geplaatst. Bovendien kunt u de mat eenvoudig op maat knippen. Let op: de rubberen kant is naar beneden gericht voor optimale grip en stabiliteit.

Zacht materiaal: De afdruipmat voor in de keuken is zacht en dik, met perfecte demping om te voorkomen dat borden en glazen breken of krassen. Deze afwasmat kan ook worden opgevouwen en in een lade of kast worden opgeborgen om ruimte te besparen.

Veelzijdige toepassingen: De absorberende afwasmat is geschikt voor keukens, gootstenen, tafels en andere plaatsen. Hij is zeer geschikt voor het opvangen van waterdruppels onder de afdruiprekken en het plaatsen van kleine, niet volledig droge voorwerpen. Deze afwasmat is ook zeer geschikt als onderlegger voor koffiezetapparaten om het aanrecht droog en schoon te houden.

Gemakkelijk schoon te maken: Onze absorberende keukenmat is zo ontworpen dat hij gemakkelijk schoon te maken is. Schud de afwasmat voor het schoonmaken even uit om los vuil te verwijderen. Veeg kleine vlekken of vuil voorzichtig af met een vochtige doek. Voor grondige reiniging kunt u hem veilig afspoelen met water. Voor hardnekkige vlekken kunt u een zachte borstel gebruiken om het oppervlak van de vlek schoon te maken. Na het schoonmaken droogt u hem gewoon af en gebruikt u hem opnieuw.",15.40,300,https://stock-cos.mabangerp.com/365615/71--3VapWxL_AC_SL1500_s_1748590319.jpg,Merkloos,6.11792E+12,1-8 working days,nieuw,,,Zwart,https://stock-cos.mabangerp.com/365615/O1CN01nXwL9G1RZl0xIZA28_%21%212218335832126-0-cib_1748590216.jpg,https://stock-cos.mabangerp.com/365615/51ChsQWH15L_AC_SL1500__1748590215.jpg,https://stock-cos.mabangerp.com/365615/711fFfoAlNL_AC_SL1500__1748590215.jpg,https://stock-cos.mabangerp.com/365615/71tZAAbcBSL_AC_SL1500__1748590215.jpg,,geen,geen,30,10,10,300,geen,33,13,13,350
HLB-287,"2 stuks gootsteenmatten - gootsteenafvoer spatmatten siliconen afvoerbakken - afvoermatten - spatmatten (zwart, grijs)","Gloednieuwe keukengadget: Onze spatrand voor de gootsteen heeft een speciaal omhullend ontwerp waardoor water terug de gootsteen in kan stromen, waardoor uw gootsteen eenvoudig te vervangen is! Dit betekent dat uw aanrecht altijd droog blijft en er geen watervlekken op de kraan komen, dus u hoeft hem niet af te wassen. De klassieke zwarte en grijze kleurcombinatie cre?ert uw perfecte gootsteenaccessoire en geeft uw keuken een gloednieuwe look.

Gebruiksvriendelijk: De spatrand voor de gootsteen hoeft alleen maar met zeep te worden schoongemaakt of met water te worden afgespoeld en is binnen enkele uren droog, dus u hoeft hem niet vaak schoon te maken of te vervangen. De lichtgewicht druppelaar van de kraangreep is herbruikbaar en de siliconen kraanmat is speciaal ontworpen om kraanspatten te voorkomen en vervormt niet na het buigen en vouwen. Bespaar tijd en geld!

Betrouwbaar materiaal: Onze druppelmat is gemaakt van BPA-vrij, hoogwaardig siliconen van voedingskwaliteit. Dit materiaal is zacht, betrouwbaar, vlekbestendig, herbruikbaar, krast niet op uw vaat, is gebruiksvriendelijk en veilig voor kinderen. Geen schimmel, geen scheuren, geen geur. Deze absorberende pads kunnen binnen een uur aan de lucht drogen, dus u hoeft ze niet vaak te wassen.

Productafmetingen: Onze droogmat voor de gootsteen is ongeveer 37,1 x 14,2 cm groot en heeft een verstelbare diameter van het middengat, zodat u complexe kraanvormen kunt voorsnijden. Dit product is geschikt voor kraanbuizen tot 6,5 cm in diameter. Hoogwaardig siliconenmateriaal zorgt voor een stevige grip op uw aanrechtblad voor een schone gootsteen. Meet de kraanopening van tevoren op voor een perfecte pasvorm.

Veelzijdige toepassingen: De gootsteenmat kan gemorste vloeistoffen opvangen en afvoeren tijdens het handen wassen en afwassen, en past perfect onder de kraan. U kunt er ook keuken- en badkamerartikelen zoals tandenborstels, bekers en afwasmiddel op leggen als afwasmat. Hij kan eenvoudig worden ge?nstalleerd op de bodem van de gootsteen, in de badkamer, op de boerderij, in de camper of op het toilet om deze schoon en droog te houden. Perfect om aanrechtbladen droog, schoon en beschermd te houden.",22.16,300,https://stock-cos.mabangerp.com/365615/O1CN01BbPMZv1QdaWzZ1xofd91999-0-cib_1748594507.jpg,Merkloos,6.11792E+12,1-8 working days,nieuw,,,Zwart+Grijs,https://stock-cos.mabangerp.com/365615/O1CN01dZzN391QdaWyTZQ7m_%21%212215075691999-0-cib_1748594507.jpg,https://stock-cos.mabangerp.com/365615/O1CN01KMNT6d1QdaX2K7oO2_%21%212215075691999-0-cib_1748594507.jpg,https://stock-cos.mabangerp.com/365615/O1CN01vZYTcY1QdaWp97Ws8_%21%212215075691999-0-cib_1748594508.jpg,https://stock-cos.mabangerp.com/365615/O1CN01onnXLH1QdaX0IjZgL_%21%212215075691999-0-cib_1748594508.jpg,,geen,geen,38,16,10,450,geen,41,19,13,500
HLB-288,200 stuks wegwerpgaaszeefjes voor de gootsteen - vuilniszakzeefje - gootsteenzeef gaaszak - elastische anti-verstoppingsfilterzak - gootsteenzeefje,"Past op de meeste gootsteenzeefjes: Onze wegwerpzeefjes zijn ontworpen voor de meeste standaard gootsteenzeefjes van 9 x 9 cm. Deze zeefjes van gaas zijn gemaakt van duurzaam polyester en hebben een uitstekende elasticiteit. Ze passen perfect over uw gootsteen, waardoor etensresten en afval geen nare geurtjes en rommel veroorzaken. Houd uw keuken gemakkelijk opgeruimd.

Elastisch ontwerp: Deze wegwerpzeefjes van gaas zijn ontworpen met elastische openingen om ze eenvoudig aan uw gootsteenzeefje te bevestigen, voor een veilige en stevige pasvorm. De elastische band voorkomt verschuiven en houdt het zeefje op zijn plaats terwijl etensresten en afval worden gefilterd. Zeg vaarwel tegen frequente aanpassingen en vervelende schoonmaakklusjes.

Gebruiksvriendelijk: Schuif het zeefje eenvoudig over uw gootsteenzeefje. Zodra het zeefje vol is, vervangt u het zeefje eenvoudig door een nieuw exemplaar. U hoeft het niet handmatig schoon te maken of vuil en gruis te verwijderen. Dit snelle en eenvoudige proces voorkomt verstoppingen in de gootsteen en houdt uw handen schoon en droog.

Veelzijdige en effici?nte filtratie: Deze gootsteenzeefzakken hebben een fijnmazig ontwerp om effectief alles te filteren, van etensresten tot haar, stof en ander vuil. Ze zijn perfect voor keukens, badkamers en wasruimtes en helpen voorkomen dat gootstenen, doucheafvoeren en vloerafvoeren verstopt raken, waardoor ze een uitstekende keuze zijn voor de dagelijkse reiniging in alle ruimtes van uw huis.

Voldoende hoeveelheid: Deze verpakking bevat 200 wegwerpfilterzakken voor de gootsteen om te voldoen aan uw dagelijkse behoeften en vervangingsbehoeften. Of u nu kookt voor een groot gezin of deelt met vrienden en familie, een dergelijke voldoende hoeveelheid houdt uw keuken langer schoon en vrij van obstakels.",15.31,300,https://stock-cos.mabangerp.com/365615/O1CN01FsK6Wg24VsPhsxsEJ_%21%212212723217397-0-cib_1748595232.jpg,Merkloos,6.11792E+12,1-8 working days,nieuw,,,Wit,https://stock-cos.mabangerp.com/365615/O1CN01FsK6Wg24VsPhsxsd%21%212212723217397-0-cib_1748595232.jpg,https://stock-cos.mabangerp.com/365615/O1CN01p1AXqQ24VsPkfTjLe_%21%212212723217397-0-cib_1748595232.jpg,https://stock-cos.mabangerp.com/365615/O1CN01ykXIMs24VsPohZe6m_%21%212212723217397-0-cib_1748595233.jpg,https://stock-cos.mabangerp.com/365615/O1CN017M0fEc24VsPpD5zs0_%21%212212723217397-0-cib_1748595234.jpg,,geen,geen,25,17,3,200,geen,28,20,6,250
HLB-289,"2 stuks gootsteenzeef - RVS gootsteenzeef - Keuken gootsteenzeef - Keukenafvoerbeschermer afvoerzeef - 7,1 cm","Hoogwaardig materiaal: massieve roestvrijstalen spoelbak, gelijkmatig openend, geen schroeven of boren nodig, gelijkmatig openend, geschikt voor keuken- en badkamerafvoer, blokkeert effectief voedselresten, haar en kruimelresten, voorkomt verstopping, roest niet, vervormt niet en vervaagt niet. Herbruikbaar na reiniging, lange levensduur.

Breed scala aan toepassingen: De afvoerbak van het badfilter heeft geen scherpe randen, waardoor het de spoelbak en handen niet krast of beschadigt. Het kan worden gebruikt voor zowel keukengootstenen als badkamers, toiletten, keukengootstenen, douches, badkuipen, riolen, enz. om te voorkomen dat de afvoer verstopt raakt door haar, papierresten en voedselresten.

Gebruiksvriendelijk: Plaats het keukengootsteenfilter eenvoudig in de afvoerbuis van de keuken om het opgehoopte afval eenvoudig te verwijderen. Was de spoelbak af met water en zeep, spoel het schoon en gebruik het opnieuw.

Afmetingen: Bevat 2 filters, buitendiameter 7,1 cm, geschikt voor afvoeren in wasbakken, douches, badafvoeren en afvalvermalers om verstoppingen en geurtjes te voorkomen.",10.67,300,https://stock-cos.mabangerp.com/365615/O1CN01YMIHUU1nmVSqtE5Dy_%21%212213256675132-0-cib_1748595769.jpg,Merkloos,6.11792E+12,1-8 working days,nieuw,,,Zilver,https://stock-cos.mabangerp.com/365615/w9BpsGWzAWHuUx9NXhANIwiZtDd3eBS69Z_1748595769.jpg,https://stock-cos.mabangerp.com/365615/w9BpsGWzAWHuUx9NXhANIwiZtDM3eBS69Z_1748595770.jpg,https://stock-cos.mabangerp.com/365615/O1CN01Hhy29f1nmVT6ZE7VV_%21%21256675132-0-cib_1748595769.jpg,https://stock-cos.mabangerp.com/365615/O1CN01Hhy29f1nmVT6ZE7VV_%21%212213256675132-0-cib_1748595769.jpg,,geen,geen,9,9,5,100,geen,12,12,8,150
HLB-297,Groentesnijder - Groentesnijder - Multifunctionele groentesnijder - Groente-uiensnijder - Aardappelsnijder - (Groen),"Multifunctionele groentesnijder: Deze mandoline groentesnijder bevat twee verschillende maten groentemessen en 7 verwisselbare messen. Kan gebruikt worden voor het snijden van blokjes, julienne, schijven en gegolfde schijven, enz. Dit veelzijdige keukengereedschap is ontworpen om je favoriete groentesnijder te worden.

Multifunctioneel: Deze groentesnijder kan uien, aardappelen, wortelen, paprika's, champignons, courgette, komkommers, enz. snijden. Deze multifunctionele snijder is een uitstekende accessoire voor het bereiden van salades, fruit- en groentegerechten. Het gegolfde mes en het geblokte mes kunnen alles. Werkt perfect en maakt koken gemakkelijker! Perfect voor elke keuken.

Scherpe messen: Onze snijder bevat 7 roestvrijstalen messen, 1 afdruipmandje, 1 eierscheider en 1 handbeschermer. De scherpe messen snijden groenten snel, zonder kracht te gebruiken; druk gewoon snel in plaats van langzaam op het deksel.

Handig opbergen: Deze groentesnijder wordt geleverd met een kunststof opbergdoos. U kunt de gesneden groenten direct in de doos doen en na gebruik kunt u ook de accessoires in de doos opbergen. Zo bespaart u ruimte en houdt u alles netjes.",30.38,300,https://stock-cos.mabangerp.com/365615/O1CN01NZaxN41UjmbPXsdGx_%21%212219438482554-0-cib_1748922763.jpg,Merkloos,6.11792E+12,1-8 working days,nieuw,,,Groen,https://stock-cos.mabangerp.com/365615/O1CN01NZaxN41UjmbPXsdGx_s219438482554-0-cib_1748922763.jpg,https://stock-cos.mabangerp.com/365615/O1CN01ultZTG1UjmakJHtYh_%21%212219438482554-0-cib_1748922763.jpg,https://stock-cos.mabangerp.com/365615/O1CN01NZaxN41UjmbPXsdGx_%21%212219338482554-0-cib_1748922762.jpg,https://stock-cos.mabangerp.com/365615/71rUHIwpltL_AC_SL1500__1748922762.jpg,,geen,geen,32.5,11.5,11.5,850,geen,36,15,15,900
