sku,title,description,price,stock,image_link,brand,ean,delivery_time
HLB-04,Zwarte wandel-koerierstas - Waterdichte schoudertas - Koerierstas - Buitensport-koerierstas - Reizen voor mannen en vrouwen,"Productomschrijving

WATERDICHT - De schoudertas is aan de buitenkant gemaakt van de nieuwste Oxford-stof en aan de binnenkant van sterk en duurzaam polyester. Hierdoor is de rugzak lichter en stabieler. Het is de moeite waard om te vermelden dat de Oxford-stof deze schoudertas een strakke, stijlvolle en georganiseerde uitstraling geeft en tegelijkertijd voorkomt dat vloeistoffen in de rugzak spatten en de spullen nat worden.
Grote capaciteit - De schoudertas heeft compartimenten en verborgen veiligheidszakken, waarin u gemakkelijk diverse spullen kunt opbergen. Genoeg ruimte voor powerbanks, cosmetica, zakdoeken, ID-kaarten, mobiele telefoons, sleutels, paspoorten, koptelefoons, enz. Tegelijkertijd ziet de uitstraling er stijlvol en strak uit, kan hij worden gecombineerd met alle kleding en accessoires en is hij zeer comfortabel om te dragen.
Multifunctionele rugzak, mini-crossbodytas, borsttas - Deze schoudertas kan worden gebruikt als borsttas, crossbodytas, schoudertas en reistas, geschikt voor buiten, op kantoor, tijdens een dagje uit, op reis, bij het winkelen, op school, op feestjes en op vele andere plaatsen. Comfortabel om te dragen, u kunt het kruislings over uw borst dragen om dieven af ??te schrikken en tegelijkertijd uw handen vrij houden, ideaal om onderweg te dragen.
Verstelbaar ontwerp - De heupband van deze kleine rugzak kan naar wens worden aangepast aan de maat. Verstelbare schouderbandlengte: 60-110 cm. Mensen met verschillende lichaamsvormen kunnen de lengte aanpassen naar een voor hen geschikte lengte. Het binnenvak is ontworpen voor dagelijks gebruik en de schouderband is groot genoeg voor telefoons met een scherm kleiner dan 7 inch.
Breed scala aan toepassingen - De borsttas is geschikt voor zowel mannen als vrouwen. Ideaal voor werk, winkelen, zakenreizen en dagelijks gebruik. Veelzijdig: U kunt de tas meenemen tijdens buitenactiviteiten zoals hardlopen, fietsen, kamperen, wandelen, ontspannen, etc.",14.9,300,https://stock-cos.mabangerp.com/365615/51juAZecRsL_1745399821.jpg,Merkloos,6117918650273,6-8 working days
HLB-05,Digitale wekker met RGB-verlichting - Digitale klok met 2 alarmen - LED-bureauklok met spraakbediening - Snooze-functie met helderheidsregelaar,"Productomschrijving

RGB digitale wekker voor de slaapkamer
Ideale cadeaukeuze
De digitale wekker voor de slaapkamer kan niet alleen gebruikt worden als kinderwekker, nachtlampje of decoratie voor in de slaapkamer, maar is ook een geweldig cadeau voor een verjaardag, Kerstmis, Nieuwjaar of de eerste schooldag.

Dynamische RGB-tijdweergave
Dynamisch RGB-sfeerlicht
30%-100% helderheidsdimmer
Spraakgestuurde alarmfunctie
Snooze-functie
Batterij back-up functie

Dynamisch RGB-kleurveranderend display en sfeerverlichting
Deze luide wekker beschikt over een nachtlampje met 7 kleuren en een digitaal display met 8 kleuren en instelbare helderheid.
Dankzij het dimbare RGB-display en het nachtlampje kunt u de helderheid naar wens instellen. Dit is een geweldig cadeau voor kinderen.

De volgorde van de kleurverandering van de tijdweergave is: wit, rood, groen, blauw. RGB-kleurverandering: willekeurige kleur. RGB vloeiend van links naar rechts. RGB vloeiend van boven naar beneden.

De volgorde van de kleurverandering van het sfeerlicht is: warm wit, rood, groen, blauw, paars, RGB-veranderende regenboog.
LED-wekker met 2 alarmen die op verschillende tijden kunnen worden ingesteld
Dit digitale RGB-horloge biedt u de keuze uit twee alarmen, zodat u verschillende opties kunt instellen voor uw dagelijkse leven.",23.66,300,https://stock-cos.mabangerp.com/365615/O1CN01a6U2SD2CaTPGCMLdO_%21%212210770668490-0-cib_1745400390.jpg,Merkloos,6117918650280,6-8 working days
HLB-347,"Hangmat ophangset - Draagvermogen 150 kg - Hangmat van roestvrij staal 304 - Stevige plafondhaak - Stevige hangmat montageset met bouten - Geschikt voor schommelhaak, muurbevestiging","De hangmatophangset bevat twee hangmathaken, M8-oogplaten, roestvrijstalen zelftappende schroeven 4,8*60 mm en bouten (M6*60 mm). De benodigde boor heeft een diameter van 10 mm.

De robuuste plafondhaken zijn geschikt voor houten gebouwen, bakstenen muren, hout, enz.; de robuuste hangmathaken worden geleverd met bevestigingsmateriaal om de haken aan de bakstenen muur te bevestigen, en de schommel kan zowel verticaal als horizontaal aan het plafond worden opgehangen.

De hangmatophangset is gemaakt van roestvrij staal 304. We hebben nu ook de schroeven geüpgraded naar roestvrij staal 304, wat sterker is dan voorheen en geschikt voor installatie aan massieve muren, plafonds, vloeren, terrassen, bomen, enz. De robuuste hangmathaken bieden een stevigere ondersteuning bij het ophangen.

Wanneer correct geïnstalleerd, kunnen de wand-/plafondhangmathaken 150 kg dragen; de hangmatophangset voor binnen is zeer geschikt voor het gebruik van een kinderschommelstoel voor uw baby, die duurzaam en eenvoudig te installeren is.

Heerlijke hangmathaken zijn perfecte muur-/plafondhaken voor doe-het-zelf ophangklussen binnen en buiten. Ze zijn eenvoudig overal te installeren. Ideaal voor yogatrapeze plafondhaken, stevige schommelhaken, het ophangen van hangmatten binnen, ophangmateriaal voor schommels, plafondbeugels voor schommels en ophangsets voor boomschommels. Geniet altijd en overal van een ontspannende tijd. Hangende hangers kunnen ook aan garagewanden worden gebruikt om goede ondersteuning te bieden aan hangende objecten.",17.99,300,https://stock-cos.mabangerp.com/365615/O1CN01IDRXLM1g0EF5faaUO_%21%212891214079-0-cib_1749522757.jpg,Merkloos,6117918654516,6-8 working days
